Workbook

Sheet README

Sheet Functions_practice
A1: Product | B1: Category | C1: Price | D1: Quantity | E1: Discount% | F1: Tax% | H1: Total Quantity | J1: no.of prices | K1: This count only the cells which contain numbers
A2: Leak-Proof Tiffin Box | B2: Lunch Box | C2: 399 | D2: 2 | E2: 0.1 | F2: 0.18 | H2: =SUM(D2:D12) -> 17 | J2: =COUNT(C:C) -> 10
A3: Storage Containers | B3: Storage | C3: 1999 | D3: 1 | E3: 0.1 | F3: 0.18
A4: Wooden Knife Holder | B4: Kitchen | C4: 699 | D4: 2 | E4: 0.1 | F4: 0.18
J5: counta | K5: This counts empty cells also
A6: Wooden Spice Box | B6: Kitchen | C6: 599 | D6: 3 | E6: 0.1 | F6: 0.18 | H6: Average Price | J6: =COUNTA(C:C) -> 13
A7: Kids Lunch Box | B7: Lunch Box | C7: 499 | D7: 2 | E7: 0.1 | F7: 0.18 | H7: =AVERAGE(C:C) -> 989
A8: Makeup Organizer | B8: beauty | C8: 799 | D8: 1 | E8: 0.1 | F8: 0.18 | J8: Count if
A9: Home Gadget | B9: Home Gadget | C9: 1299 | D9: 2 | E9: 0.1 | F9: 0.18 | H9: Highest Price | J9: =COUNTIF(B:B,"Handbag") -> 1 | K9: this shows which meets the given condition
A10: Sling Bag | B10: Handbag | C10: 999 | D10: 1 | E10: 0.1 | F10: 0.18 | H10: =MAX(C:C) -> 1999 | J10: =COUNTIF(B:B,"Red") -> 0
A11: Wall Organizer | B11: Storage | C11: 1499 | D11: 1 | E11: 0.1 | F11: 0.18
A12: Kitchen Organizer | B12: Kitchen | C12: 1099 | D12: 2 | E12: 0.1 | F12: 0.18 | H12: Lowest Price
H13: =MIN(C:C) -> 399
D15: sum if | F15: this adds only the condition we have give to check or add
D17: price | E17: =SUMIF(B:B,"kitchen",C:C) -> 0 | F17: this is adding only this price of kitchen products
D19: Quantity | E19: =SUMIF(B:B,"kitchen",D:D) -> 0 | F19: This is telling how many no.of products are there
C21: average if
C22: price | D22: =AVERAGEIF(B2:B12,"Storage",C2:C12) -> 1749 | E22: this is telling average pice in kitchen products

Sheet Pinterest_Analysis
A1: Category | B1: Product Count | C1: Total Quantity | D1: Average Price
A2: Kitchen | B2: =COUNTIF(Functions_practice!B2:B12,Pinterest_Analysis!A2) -> 3 | C2: =SUMIF(Functions_practice!B:B,Pinterest_Analysis!A2,Functions_practice!D:D) -> 7 | D2: =AVERAGEIF(Functions_practice!B2:B11,A2,Functions_practice!C2:C11) -> 649
A3: Lunch Box | B3: =COUNTIF(Functions_practice!B3:B13,Pinterest_Analysis!A3) -> 1 | C3: =SUMIF(Functions_practice!B:B,Pinterest_Analysis!A3,Functions_practice!D:D) -> 4 | D3: =AVERAGEIF(Functions_practice!B3:B12,A3,Functions_practice!C3:C12) -> 499
A4: Storage | B4: =COUNTIF(Functions_practice!B4:B14,Pinterest_Analysis!A4) -> 1 | C4: =SUMIF(Functions_practice!B:B,Pinterest_Analysis!A4,Functions_practice!D:D) -> 2 | D4: =AVERAGEIF(Functions_practice!B4:B13,A4,Functions_practice!C4:C13) -> 1499
A5: beauty | B5: =COUNTIF(Functions_practice!B5:B15,Pinterest_Analysis!A5) -> 1 | C5: =SUMIF(Functions_practice!B:B,Pinterest_Analysis!A5,Functions_practice!D:D) -> 1 | D5: =AVERAGEIF(Functions_practice!B5:B14,A5,Functions_practice!C5:C14) -> 799
A6: Handbag | B6: =COUNTIF(Functions_practice!B6:B16,Pinterest_Analysis!A6) -> 1 | C6: =SUMIF(Functions_practice!B:B,Pinterest_Analysis!A6,Functions_practice!D:D) -> 1 | D6: =AVERAGEIF(Functions_practice!B6:B15,A6,Functions_practice!C6:C15) -> 999
A7: Home gadget | B7: =COUNTIF(Functions_practice!B7:B17,Pinterest_Analysis!A7) -> 1 | C7: =SUMIF(Functions_practice!B:B,Pinterest_Analysis!A7,Functions_practice!D:D) -> 2 | D7: =AVERAGEIF(Functions_practice!B7:B16,A7,Functions_practice!C7:C16) -> 1299
