Workbook

Sheet README

Sheet Raw_Data
A1: Pinterest | B1: Impressions | C1: Engagements | D1: Pin Clicks | E1: Outbound Clicks | F1: saves
A2: https://www.pinterest.com/MoMsTeensAndWomenFinding/kitchen-organization-ideas/ | B2: 96 | C2: 2 | D2: 2 | E2: 0 | F2: 0
A3: https://www.pinterest.com/MoMsTeensAndWomenFinding/lunch-boxes-lunch-bags/ | B3: 50 | C3: 0 | D3: 0 | E3: 0 | F3: 0
A4: https://www.pinterest.com/MoMsTeensAndWomenFinding/womens-fashion-everyday-style/ | B4: 20 | C4: 0 | D4: 0 | E4: 0 | F4: 0
A5: https://www.pinterest.com/MoMsTeensAndWomenFinding/home-decor-room-makeover-ideas/ | B5: 16 | C5: 0 | D5: 0 | E5: 0 | F5: 0
A6: https://www.pinterest.com/MoMsTeensAndWomenFinding/back-to-school-essentials/ | B6: 15 | C6: 0 | D6: 0 | E6: 0 | F6: 0
A7: https://www.pinterest.com/MoMsTeensAndWomenFinding/smart-home-gadgets-useful-finds/ | B7: 13 | C7: 1 | D7: 1 | E7: 0 | F7: 0
A8: https://www.pinterest.com/MoMsTeensAndWomenFinding/jewellery-accessories/ | B8: 13 | C8: 0 | D8: 0 | E8: 0 | F8: 0
A9: https://www.pinterest.com/MoMsTeensAndWomenFinding/lighting-home-decor-ideas/ | B9: 11 | C9: 0 | D9: 0 | E9: 0 | F9: 0
A10: https://www.pinterest.com/MoMsTeensAndWomenFinding/handbags-everyday-essentials/ | B10: 10 | C10: 0 | D10: 0 | E10: 0 | F10: 0
A11: https://www.pinterest.com/MoMsTeensAndWomenFinding/beauty-organization-storage/ | B11: 9 | C11: 0 | D11: 0 | E11: 0 | F11: 0
A12: https://www.pinterest.com/MoMsTeensAndWomenFinding/home-essentials/ | B12: 6 | C12: 0 | D12: 0 | E12: 0 | F12: 0
A13: https://www.pinterest.com/MoMsTeensAndWomenFinding/work-from-home-study-desk-ideas/ | B13: 5 | C13: 0 | D13: 0 | E13: 0 | F13: 0
... A21: https://www.pinterest.com/MoMsTeensAndWomenFinding/school-bags-backpacks/ | B21: 1 | C21: 0 | D21: 0 | E21: 0 | F21: 0
A22: erre
B23: -1
B24: -22

Sheet Cleaned_Data
A1: Pinterest | B1: Impressions | C1: Engagement | D1: Pin Clicks | E1: Out Bound Clicks | F1: Saves
A2: https://www.pinterest.com/MoMsTeensAndWomenFinding/kitchen-organization-ideas/ | B2: 96 | C2: 2 | D2: 2 | E2: 0 | F2: 0
A3: https://www.pinterest.com/MoMsTeensAndWomenFinding/lunch-boxes-lunch-bags/ | B3: 50 | C3: 0 | D3: 0 | E3: 0 | F3: 0
A4: https://www.pinterest.com/MoMsTeensAndWomenFinding/womens-fashion-everyday-style/ | B4: 20 | C4: 0 | D4: 0 | E4: 0 | F4: 0
A5: https://www.pinterest.com/MoMsTeensAndWomenFinding/home-decor-room-makeover-ideas/ | B5: 16 | C5: 0 | D5: 0 | E5: 0 | F5: 0
A6: https://www.pinterest.com/MoMsTeensAndWomenFinding/back-to-school-essentials/ | B6: 15 | C6: 0 | D6: 0 | E6: 0 | F6: 0
A7: https://www.pinterest.com/MoMsTeensAndWomenFinding/smart-home-gadgets-useful-finds/ | B7: 13 | C7: 1 | D7: 1 | E7: 0 | F7: 0
A8: https://www.pinterest.com/MoMsTeensAndWomenFinding/jewellery-accessories/ | B8: 13 | C8: 0 | D8: 0 | E8: 0 | F8: 0
A9: https://www.pinterest.com/MoMsTeensAndWomenFinding/lighting-home-decor-ideas/ | B9: 11 | C9: 0 | D9: 0 | E9: 0 | F9: 0
A10: https://www.pinterest.com/MoMsTeensAndWomenFinding/handbags-everyday-essentials/ | B10: 10 | C10: 0 | D10: 0 | E10: 0 | F10: 0
A11: https://www.pinterest.com/MoMsTeensAndWomenFinding/beauty-organization-storage/ | B11: 9 | C11: 0 | D11: 0 | E11: 0 | F11: 0
A12: https://www.pinterest.com/MoMsTeensAndWomenFinding/home-essentials/ | B12: 6 | C12: 0 | D12: 0 | E12: 0 | F12: 0
A13: https://www.pinterest.com/MoMsTeensAndWomenFinding/work-from-home-study-desk-ideas/ | B13: 5 | C13: 0 | D13: 0 | E13: 0 | F13: 0
... A21: https://www.pinterest.com/MoMsTeensAndWomenFinding/school-bags-backpacks/ | B21: 1 | C21: 0 | D21: 0 | E21: 0 | F21: 0

Sheet Calculation
A1: Metric | B1: Result
A2: Total Impressions | B2: =SUM(Cleaned_Data!B:B) -> 289
A3: Total Engagement | B3: =SUM(Cleaned_Data!C:C) -> 3
A4: Total Pin Clicks | B4: =SUM(Cleaned_Data!D:D) -> 3
A5: Total Outbound Clicks | B5: =SUM(Cleaned_Data!E:E) -> 0
A6: Total Saves | B6: =SUM(Cleaned_Data!F:F) -> 0
A7: Average Impressions | B7: =AVERAGE(Cleaned_Data!B:B) -> 14.45
A8: Maximum Impressions | B8: =MAX(Table4[Impressions]) -> 96
A9: Minimum Impressions | B9: =MIN(Cleaned_Data!B:B) -> 1
A10: Number of Pins | B10: =COUNT(Cleaned_Data!D:D) -> 20
A11: Engagement Rate | B11: =B3/B2 -> 0.010380623
A12: PinClick Rate | B12: =B4/B2 -> 0.010380623
A13: Outbound Click Rate | B13: =B5/B2 -> 0

Sheet KPI_Analysis
A1: KPI | B1: Result | D1: Question | E1: Answer
A2: Total Impressions | B2: =Calculation!B2 -> 289 | D2: 1. Which pin received the highest impressions? | E2: =MAX(Cleaned_Data!B:B) -> 96
A3: Total Engagement | B3: =Calculation!B3 -> 3 | D3: 2. What is the total number of impressions? | E3: =SUM(Cleaned_Data!B:B) -> 289
A4: Total Pin Clicks | B4: =Calculation!B4 -> 3 | D4: 3. What is the engagement rate? | E4: =B5 -> 0.010380623
A5: Engagement Rate | B5: =Calculation!B11 -> 0.010380623 | D5: 4. Are there any outbound clicks? | E5: no
A6: Pin Click Rate | B6: =Calculation!B12 -> 0.010380623 | D6: 5. How many pins were analyzed? | E6: =COUNTA(Cleaned_Data!A:A) -> 21
A7: Outbound Click Rate | B7: =Calculation!B13 -> 0 | D7: 6. What is the average impressions per pin? | E7: =B9 -> 14.45
A8: Number of Pins | B8: =COUNTA(Cleaned_Data!A:A) -> 21 | D8: 7. What does the 0% outbound click rate indicate? | E8: none of the 289 pins resulted in out bound clicks till now
A9: Average Impressions | B9: =Calculation!B7 -> 14.45
A10: Highest Impressions | B10: =Calculation!B8 -> 96

Sheet Dashboard
A1: Pinterest Analytics — Practice Test 1
A2: KPI | B2: Values
A3: Total Impressions | B3: =SUM(Cleaned_Data!B:B) -> 289 | D3: Top 5 Pins | E3: Impressions
A4: Total Engagement | B4: =SUM(Table4[Engagement]) -> 3 | D4: https://www.pinterest.com/MoMsTeensAndWomenFinding/kitchen-organization-ideas/ | E4: 96
A5: Engagement Rate | B5: =Calculation!B11 -> 0.010380623 | D5: https://www.pinterest.com/MoMsTeensAndWomenFinding/lunch-boxes-lunch-bags/ | E5: 50
A6: Pin Click Rate | B6: =Calculation!B12 -> 0.010380623 | D6: https://www.pinterest.com/MoMsTeensAndWomenFinding/womens-fashion-everyday-style/ | E6: 20
A7: Outbound Clicks | B7: =Calculation!B13 -> 0 | D7: https://www.pinterest.com/MoMsTeensAndWomenFinding/home-decor-room-makeover-ideas/ | E7: 16
A8: Number of Pins | B8: =COUNTA(Cleaned_Data!A:A) -> 21 | D8: https://www.pinterest.com/MoMsTeensAndWomenFinding/back-to-school-essentials/ | E8: 15
A9: Average Impressions | B9: =AVERAGE(Cleaned_Data!B:B) -> 14.45
A10: Highest Impressions | B10: =MAX(Cleaned_Data!B:B) -> 96
A18: Finding | B18: Interpretation
A19: Highest impressions | B19: One pin reached 96 impressions
A20: Average impressions | B20: 14.68 impressions per pin
A21: Engagement rate | B21: =KPI_Analysis!B5 -> 0.010380623
A22: Outbound clicks | B22: =KPI_Analysis!B7 -> 0
A23: Pins analyzed | B23: =COUNTA(Cleaned_Data!A:A) -> 21
